-- 開発用シードデータの追加（Issue #679）
-- ユーザー、ワークフローインスタンス、ステップ、コメントを充実させ、
-- 一覧画面のページネーション・フィルタリング、デモでの表示を改善する。
--
-- 依存: 20260212000001_seed_multi_step_workflow_definition.sql
-- 本番運用時はマイグレーションから分離する予定（Issue #136）
--
-- 追加データ:
--   ユーザー: 8人（合計10人）
--   ワークフローインスタンス: 25件（合計30件）
--   ワークフローステップ: 24件（合計28件）
--   ワークフローコメント: 12件（合計12件）
--
-- UUID 命名規則:
--   ユーザー:          00000000-0000-0000-0000-00000000000X (03〜0a)
--   user_roles:        d0000000-0000-0000-0000-00000000000X (01〜08)
--   auth.credentials:  e0000000-0000-0000-0000-00000000000X (01〜08)
--   インスタンス:      a0000000-0000-0000-0000-0000000000XX (01〜19)
--   ステップ:          b0000000-0000-0000-0000-0000000000XX (01〜18)
--   コメント:          c0000000-0000-0000-0000-0000000000XX (01〜0c)

-- ============================================================
-- 1. ユーザー追加（8人、display_number 3-10）
-- ============================================================
-- パスワード: password123（全ユーザー共通、開発環境専用）
-- ロール: 高橋のみ tenant_admin、他は user

INSERT INTO users (id, tenant_id, email, name, display_number) VALUES
    ('00000000-0000-0000-0000-000000000003', '00000000-0000-0000-0000-000000000001',
     'tanaka@example.com', '田中 太郎', 3),
    ('00000000-0000-0000-0000-000000000004', '00000000-0000-0000-0000-000000000001',
     'sato@example.com', '佐藤 花子', 4),
    ('00000000-0000-0000-0000-000000000005', '00000000-0000-0000-0000-000000000001',
     'suzuki@example.com', '鈴木 一郎', 5),
    ('00000000-0000-0000-0000-000000000006', '00000000-0000-0000-0000-000000000001',
     'takahashi@example.com', '高橋 美咲', 6),
    ('00000000-0000-0000-0000-000000000007', '00000000-0000-0000-0000-000000000001',
     'ito@example.com', '伊藤 健太', 7),
    ('00000000-0000-0000-0000-000000000008', '00000000-0000-0000-0000-000000000001',
     'watanabe@example.com', '渡辺 さくら', 8),
    ('00000000-0000-0000-0000-000000000009', '00000000-0000-0000-0000-000000000001',
     'yamamoto@example.com', '山本 大輔', 9),
    ('00000000-0000-0000-0000-00000000000a', '00000000-0000-0000-0000-000000000001',
     'nakamura@example.com', '中村 あおい', 10);

-- ロール割り当て
INSERT INTO user_roles (id, user_id, role_id, tenant_id) VALUES
    ('d0000000-0000-0000-0000-000000000001',
     '00000000-0000-0000-0000-000000000003', '00000000-0000-0000-0000-000000000003',
     '00000000-0000-0000-0000-000000000001'),  -- 田中: user
    ('d0000000-0000-0000-0000-000000000002',
     '00000000-0000-0000-0000-000000000004', '00000000-0000-0000-0000-000000000003',
     '00000000-0000-0000-0000-000000000001'),  -- 佐藤: user
    ('d0000000-0000-0000-0000-000000000003',
     '00000000-0000-0000-0000-000000000005', '00000000-0000-0000-0000-000000000003',
     '00000000-0000-0000-0000-000000000001'),  -- 鈴木: user
    ('d0000000-0000-0000-0000-000000000004',
     '00000000-0000-0000-0000-000000000006', '00000000-0000-0000-0000-000000000002',
     '00000000-0000-0000-0000-000000000001'),  -- 高橋: tenant_admin
    ('d0000000-0000-0000-0000-000000000005',
     '00000000-0000-0000-0000-000000000007', '00000000-0000-0000-0000-000000000003',
     '00000000-0000-0000-0000-000000000001'),  -- 伊藤: user
    ('d0000000-0000-0000-0000-000000000006',
     '00000000-0000-0000-0000-000000000008', '00000000-0000-0000-0000-000000000003',
     '00000000-0000-0000-0000-000000000001'),  -- 渡辺: user
    ('d0000000-0000-0000-0000-000000000007',
     '00000000-0000-0000-0000-000000000009', '00000000-0000-0000-0000-000000000003',
     '00000000-0000-0000-0000-000000000001'),  -- 山本: user
    ('d0000000-0000-0000-0000-000000000008',
     '00000000-0000-0000-0000-00000000000a', '00000000-0000-0000-0000-000000000003',
     '00000000-0000-0000-0000-000000000001');  -- 中村: user

-- 認証情報（パスワード: password123、Argon2id ハッシュ）
INSERT INTO auth.credentials (id, user_id, tenant_id, credential_type, credential_data) VALUES
    ('e0000000-0000-0000-0000-000000000001',
     '00000000-0000-0000-0000-000000000003', '00000000-0000-0000-0000-000000000001',
     'password', '$argon2id$v=19$m=65536,t=1,p=1$olntqw+EoVpwH4B1vUAI0A$5yCA1izLODgz8nQOInDGwbuQB/AS0sIQDwpmIilve5M'),
    ('e0000000-0000-0000-0000-000000000002',
     '00000000-0000-0000-0000-000000000004', '00000000-0000-0000-0000-000000000001',
     'password', '$argon2id$v=19$m=65536,t=1,p=1$olntqw+EoVpwH4B1vUAI0A$5yCA1izLODgz8nQOInDGwbuQB/AS0sIQDwpmIilve5M'),
    ('e0000000-0000-0000-0000-000000000003',
     '00000000-0000-0000-0000-000000000005', '00000000-0000-0000-0000-000000000001',
     'password', '$argon2id$v=19$m=65536,t=1,p=1$olntqw+EoVpwH4B1vUAI0A$5yCA1izLODgz8nQOInDGwbuQB/AS0sIQDwpmIilve5M'),
    ('e0000000-0000-0000-0000-000000000004',
     '00000000-0000-0000-0000-000000000006', '00000000-0000-0000-0000-000000000001',
     'password', '$argon2id$v=19$m=65536,t=1,p=1$olntqw+EoVpwH4B1vUAI0A$5yCA1izLODgz8nQOInDGwbuQB/AS0sIQDwpmIilve5M'),
    ('e0000000-0000-0000-0000-000000000005',
     '00000000-0000-0000-0000-000000000007', '00000000-0000-0000-0000-000000000001',
     'password', '$argon2id$v=19$m=65536,t=1,p=1$olntqw+EoVpwH4B1vUAI0A$5yCA1izLODgz8nQOInDGwbuQB/AS0sIQDwpmIilve5M'),
    ('e0000000-0000-0000-0000-000000000006',
     '00000000-0000-0000-0000-000000000008', '00000000-0000-0000-0000-000000000001',
     'password', '$argon2id$v=19$m=65536,t=1,p=1$olntqw+EoVpwH4B1vUAI0A$5yCA1izLODgz8nQOInDGwbuQB/AS0sIQDwpmIilve5M'),
    ('e0000000-0000-0000-0000-000000000007',
     '00000000-0000-0000-0000-000000000009', '00000000-0000-0000-0000-000000000001',
     'password', '$argon2id$v=19$m=65536,t=1,p=1$olntqw+EoVpwH4B1vUAI0A$5yCA1izLODgz8nQOInDGwbuQB/AS0sIQDwpmIilve5M'),
    ('e0000000-0000-0000-0000-000000000008',
     '00000000-0000-0000-0000-00000000000a', '00000000-0000-0000-0000-000000000001',
     'password', '$argon2id$v=19$m=65536,t=1,p=1$olntqw+EoVpwH4B1vUAI0A$5yCA1izLODgz8nQOInDGwbuQB/AS0sIQDwpmIilve5M');

-- ============================================================
-- 2. ワークフローインスタンス追加（25件、display_number 6-30）
-- ============================================================
-- ワークフロー定義:
--   汎用申請（00...01）: title + description
--   2段階承認（00...02）: title + description + amount

INSERT INTO workflow_instances (id, tenant_id, definition_id, definition_version, title, status, form_data, initiated_by, display_number, submitted_at, completed_at, created_at, updated_at) VALUES
    -- ── draft（3件）──────────────────────────────────
    ('a0000000-0000-0000-0000-000000000001',
     '00000000-0000-0000-0000-000000000001',
     '00000000-0000-0000-0000-000000000001', 1,
     'リモートワーク申請',
     'draft',
     '{"title": "在宅勤務申請（週3日）", "description": "開発に集中するため、月・水・金を在宅勤務にしたいです。"}',
     '00000000-0000-0000-0000-000000000005',  -- 鈴木
     6, NULL, NULL,
     '2025-12-02 09:00:00+09', '2025-12-02 09:00:00+09'),

    ('a0000000-0000-0000-0000-000000000002',
     '00000000-0000-0000-0000-000000000001',
     '00000000-0000-0000-0000-000000000001', 1,
     '備品購入申請（ノートPC）',
     'draft',
     '{"title": "開発用ノートPC", "description": "現在のPCが老朽化しているため、新しいノートPCの購入を申請します。"}',
     '00000000-0000-0000-0000-000000000008',  -- 渡辺
     7, NULL, NULL,
     '2025-12-10 14:00:00+09', '2025-12-10 14:00:00+09'),

    ('a0000000-0000-0000-0000-000000000003',
     '00000000-0000-0000-0000-000000000001',
     '00000000-0000-0000-0000-000000000002', 1,  -- 2段階承認
     '予算申請（チームビルディング）',
     'draft',
     '{"title": "Q1チームビルディング費用", "description": "チームの結束力向上のためのイベント費用です。", "amount": 150000}',
     '00000000-0000-0000-0000-000000000007',  -- 伊藤
     8, NULL, NULL,
     '2025-12-15 11:00:00+09', '2025-12-15 11:00:00+09'),

    -- ── pending（4件）──────────────────────────────────
    ('a0000000-0000-0000-0000-000000000004',
     '00000000-0000-0000-0000-000000000001',
     '00000000-0000-0000-0000-000000000001', 1,
     '経費精算申請（タクシー代）',
     'pending',
     '{"title": "タクシー代", "description": "深夜残業後のタクシー帰宅費用の精算です。"}',
     '00000000-0000-0000-0000-000000000003',  -- 田中
     9,
     '2025-12-18 10:30:00+09', NULL,
     '2025-12-18 10:00:00+09', '2025-12-18 10:30:00+09'),

    ('a0000000-0000-0000-0000-000000000005',
     '00000000-0000-0000-0000-000000000001',
     '00000000-0000-0000-0000-000000000001', 1,
     '研修参加申請（資格対策）',
     'pending',
     '{"title": "AWS認定ソリューションアーキテクト対策講座", "description": "AWS認定資格の取得に向けた対策講座への参加申請です。"}',
     '00000000-0000-0000-0000-000000000009',  -- 山本
     10,
     '2025-12-22 09:15:00+09', NULL,
     '2025-12-22 09:00:00+09', '2025-12-22 09:15:00+09'),

    ('a0000000-0000-0000-0000-000000000006',
     '00000000-0000-0000-0000-000000000001',
     '00000000-0000-0000-0000-000000000001', 1,
     '備品購入申請（ソフトウェアライセンス）',
     'pending',
     '{"title": "JetBrains IDEライセンス", "description": "開発効率向上のため、IntelliJ IDEA Ultimateのライセンス購入を申請します。"}',
     '00000000-0000-0000-0000-000000000005',  -- 鈴木
     11,
     '2026-01-06 13:30:00+09', NULL,
     '2026-01-06 13:00:00+09', '2026-01-06 13:30:00+09'),

    ('a0000000-0000-0000-0000-000000000007',
     '00000000-0000-0000-0000-000000000001',
     '00000000-0000-0000-0000-000000000001', 1,
     '出張申請（福岡）',
     'pending',
     '{"title": "福岡支店訪問", "description": "福岡支店との打ち合わせのため、1月15日〜16日の出張を申請します。"}',
     '00000000-0000-0000-0000-000000000007',  -- 伊藤
     12,
     '2026-01-08 11:20:00+09', NULL,
     '2026-01-08 11:00:00+09', '2026-01-08 11:20:00+09'),

    -- ── in_progress（5件）──────────────────────────────────
    ('a0000000-0000-0000-0000-000000000008',
     '00000000-0000-0000-0000-000000000001',
     '00000000-0000-0000-0000-000000000001', 1,
     '休暇申請（特別休暇）',
     'in_progress',
     '{"title": "特別休暇", "description": "慶弔休暇の規定に基づき、3日間の特別休暇を申請します。"}',
     '00000000-0000-0000-0000-000000000004',  -- 佐藤
     13,
     '2026-01-10 08:15:00+09', NULL,
     '2026-01-10 08:00:00+09', '2026-01-10 08:15:00+09'),

    ('a0000000-0000-0000-0000-000000000009',
     '00000000-0000-0000-0000-000000000001',
     '00000000-0000-0000-0000-000000000001', 1,
     '経費精算申請（書籍購入）',
     'in_progress',
     '{"title": "技術書購入費", "description": "マーケティング分析に関する技術書3冊の購入費用の精算です。"}',
     '00000000-0000-0000-0000-00000000000a',  -- 中村
     14,
     '2026-01-14 10:30:00+09', NULL,
     '2026-01-14 10:00:00+09', '2026-01-14 10:30:00+09'),

    ('a0000000-0000-0000-0000-00000000000a',
     '00000000-0000-0000-0000-000000000001',
     '00000000-0000-0000-0000-000000000001', 1,
     '備品購入申請（ディスプレイ）',
     'in_progress',
     '{"title": "外付けディスプレイ", "description": "リモートワーク環境整備のため、4Kディスプレイの購入を申請します。"}',
     '00000000-0000-0000-0000-000000000008',  -- 渡辺
     15,
     '2026-01-15 14:20:00+09', NULL,
     '2026-01-15 14:00:00+09', '2026-01-15 14:20:00+09'),

    -- 2段階承認: 上長承認完了 → 経理承認待ち
    ('a0000000-0000-0000-0000-00000000000b',
     '00000000-0000-0000-0000-000000000001',
     '00000000-0000-0000-0000-000000000002', 1,  -- 2段階承認
     '出張申請（海外カンファレンス）',
     'in_progress',
     '{"title": "KubeCon EU 参加", "description": "KubeCon EU 2026への参加を申請します。最新のクラウドネイティブ技術の調査が目的です。", "amount": 350000}',
     '00000000-0000-0000-0000-000000000005',  -- 鈴木
     16,
     '2026-01-20 09:30:00+09', NULL,
     '2026-01-20 09:00:00+09', '2026-01-21 10:00:00+09'),

    ('a0000000-0000-0000-0000-00000000000c',
     '00000000-0000-0000-0000-000000000001',
     '00000000-0000-0000-0000-000000000001', 1,
     '経費精算申請（セミナー参加費）',
     'in_progress',
     '{"title": "営業力強化セミナー参加費", "description": "1月20日開催の営業スキル向上セミナーへの参加費用の精算です。"}',
     '00000000-0000-0000-0000-000000000003',  -- 田中
     17,
     '2026-01-22 11:15:00+09', NULL,
     '2026-01-22 11:00:00+09', '2026-01-22 11:15:00+09'),

    -- ── approved（9件）──────────────────────────────────
    ('a0000000-0000-0000-0000-00000000000d',
     '00000000-0000-0000-0000-000000000001',
     '00000000-0000-0000-0000-000000000001', 1,
     '経費精算申請（出張費・大阪）',
     'approved',
     '{"title": "大阪出張交通費", "description": "大阪支店訪問の交通費および宿泊費の精算です。"}',
     '00000000-0000-0000-0000-000000000003',  -- 田中
     18,
     '2026-01-23 09:20:00+09', '2026-01-24 15:00:00+09',
     '2026-01-23 09:00:00+09', '2026-01-24 15:00:00+09'),

    ('a0000000-0000-0000-0000-00000000000e',
     '00000000-0000-0000-0000-000000000001',
     '00000000-0000-0000-0000-000000000001', 1,
     '備品購入申請（キーボード）',
     'approved',
     '{"title": "メカニカルキーボード", "description": "開発作業の効率化のため、HHKB Professionalの購入を申請します。"}',
     '00000000-0000-0000-0000-000000000008',  -- 渡辺
     19,
     '2026-01-24 10:15:00+09', '2026-01-25 11:00:00+09',
     '2026-01-24 10:00:00+09', '2026-01-25 11:00:00+09'),

    ('a0000000-0000-0000-0000-00000000000f',
     '00000000-0000-0000-0000-000000000001',
     '00000000-0000-0000-0000-000000000001', 1,
     '休暇申請（リフレッシュ休暇）',
     'approved',
     '{"title": "リフレッシュ休暇", "description": "勤続5年のリフレッシュ休暇として、2月10日〜14日の5日間を申請します。"}',
     '00000000-0000-0000-0000-000000000009',  -- 山本
     20,
     '2026-01-27 08:30:00+09', '2026-01-28 10:00:00+09',
     '2026-01-27 08:00:00+09', '2026-01-28 10:00:00+09'),

    ('a0000000-0000-0000-0000-000000000010',
     '00000000-0000-0000-0000-000000000001',
     '00000000-0000-0000-0000-000000000001', 1,
     '研修参加申請（技術研修）',
     'approved',
     '{"title": "Rustアドバンスド研修", "description": "Rust上級者向けの社外研修への参加を申請します。非同期プログラミングとパフォーマンスチューニングが主題です。"}',
     '00000000-0000-0000-0000-000000000005',  -- 鈴木
     21,
     '2026-01-28 13:20:00+09', '2026-01-29 16:00:00+09',
     '2026-01-28 13:00:00+09', '2026-01-29 16:00:00+09'),

    ('a0000000-0000-0000-0000-000000000011',
     '00000000-0000-0000-0000-000000000001',
     '00000000-0000-0000-0000-000000000001', 1,
     '出張申請（名古屋）',
     'approved',
     '{"title": "名古屋出張", "description": "名古屋のクライアント企業との商談のため、2月5日の日帰り出張を申請します。"}',
     '00000000-0000-0000-0000-000000000007',  -- 伊藤
     22,
     '2026-01-29 10:30:00+09', '2026-01-30 14:00:00+09',
     '2026-01-29 10:00:00+09', '2026-01-30 14:00:00+09'),

    ('a0000000-0000-0000-0000-000000000012',
     '00000000-0000-0000-0000-000000000001',
     '00000000-0000-0000-0000-000000000001', 1,
     '経費精算申請（交通費・定期外）',
     'approved',
     '{"title": "定期外交通費", "description": "1月分の定期券区間外の交通費の精算です。"}',
     '00000000-0000-0000-0000-000000000004',  -- 佐藤
     23,
     '2026-02-03 09:15:00+09', '2026-02-04 11:00:00+09',
     '2026-02-03 09:00:00+09', '2026-02-04 11:00:00+09'),

    ('a0000000-0000-0000-0000-000000000013',
     '00000000-0000-0000-0000-000000000001',
     '00000000-0000-0000-0000-000000000001', 1,
     '備品購入申請（デスク）',
     'approved',
     '{"title": "昇降デスク", "description": "健康管理のため、電動昇降デスクの購入を申請します。"}',
     '00000000-0000-0000-0000-00000000000a',  -- 中村
     24,
     '2026-02-05 14:20:00+09', '2026-02-06 16:00:00+09',
     '2026-02-05 14:00:00+09', '2026-02-06 16:00:00+09'),

    -- 2段階承認: 両ステップ完了
    ('a0000000-0000-0000-0000-000000000014',
     '00000000-0000-0000-0000-000000000001',
     '00000000-0000-0000-0000-000000000002', 1,  -- 2段階承認
     '予算申請（部門合宿）',
     'approved',
     '{"title": "総務部合宿費用", "description": "総務部の年度方針策定合宿の費用申請です。宿泊・会議室・食事を含みます。", "amount": 280000}',
     '00000000-0000-0000-0000-000000000006',  -- 高橋
     25,
     '2026-02-07 10:30:00+09', '2026-02-10 15:00:00+09',
     '2026-02-07 10:00:00+09', '2026-02-10 15:00:00+09'),

    ('a0000000-0000-0000-0000-000000000015',
     '00000000-0000-0000-0000-000000000001',
     '00000000-0000-0000-0000-000000000001', 1,
     '休暇申請（有給）',
     'approved',
     '{"title": "有給休暇", "description": "私用のため、2月20日の有給休暇を申請します。"}',
     '00000000-0000-0000-0000-000000000003',  -- 田中
     26,
     '2026-02-10 08:20:00+09', '2026-02-11 10:00:00+09',
     '2026-02-10 08:00:00+09', '2026-02-11 10:00:00+09'),

    -- ── rejected（4件）──────────────────────────────────
    ('a0000000-0000-0000-0000-000000000016',
     '00000000-0000-0000-0000-000000000001',
     '00000000-0000-0000-0000-000000000001', 1,
     '備品購入申請（高級チェア）',
     'rejected',
     '{"title": "エルゴノミクスチェア", "description": "腰痛対策として、高機能オフィスチェアの購入を申請します。"}',
     '00000000-0000-0000-0000-00000000000a',  -- 中村
     27,
     '2026-02-12 11:30:00+09', '2026-02-13 14:00:00+09',
     '2026-02-12 11:00:00+09', '2026-02-13 14:00:00+09'),

    ('a0000000-0000-0000-0000-000000000017',
     '00000000-0000-0000-0000-000000000001',
     '00000000-0000-0000-0000-000000000001', 1,
     '出張申請（札幌）',
     'rejected',
     '{"title": "札幌出張", "description": "札幌で開催される人事カンファレンスへの参加を申請します。"}',
     '00000000-0000-0000-0000-000000000009',  -- 山本
     28,
     '2026-02-13 09:20:00+09', '2026-02-14 16:00:00+09',
     '2026-02-13 09:00:00+09', '2026-02-14 16:00:00+09'),

    ('a0000000-0000-0000-0000-000000000018',
     '00000000-0000-0000-0000-000000000001',
     '00000000-0000-0000-0000-000000000001', 1,
     '経費精算申請（接待費）',
     'rejected',
     '{"title": "顧客接待費", "description": "2月13日のクライアント接待における飲食費の精算です。"}',
     '00000000-0000-0000-0000-000000000007',  -- 伊藤
     29,
     '2026-02-14 13:15:00+09', '2026-02-15 11:00:00+09',
     '2026-02-14 13:00:00+09', '2026-02-15 11:00:00+09'),

    -- 2段階承認: 上長承認で却下
    ('a0000000-0000-0000-0000-000000000019',
     '00000000-0000-0000-0000-000000000001',
     '00000000-0000-0000-0000-000000000002', 1,  -- 2段階承認
     '出張申請（シンガポール）',
     'rejected',
     '{"title": "AWS re:Invent Asia参加", "description": "シンガポールで開催されるAWS re:Invent Asiaへの参加を申請します。", "amount": 450000}',
     '00000000-0000-0000-0000-000000000005',  -- 鈴木
     30,
     '2026-02-17 10:30:00+09', '2026-02-18 09:00:00+09',
     '2026-02-17 10:00:00+09', '2026-02-18 09:00:00+09');

-- ============================================================
-- 3. ワークフローステップ追加（24件、display_number 5-28）
-- ============================================================
-- version: pending/active = 1、completed = 2（既存パターン準拠）
-- 承認者: admin(01) と 高橋(06) が主な承認者、経理承認は 佐藤(04)

INSERT INTO workflow_steps (id, tenant_id, instance_id, step_id, step_name, step_type, status, version, display_number, assigned_to, decision, comment, started_at, completed_at, created_at, updated_at) VALUES
    -- ── pending ステップ（4件）──────────────────────────────────
    ('b0000000-0000-0000-0000-000000000001',
     '00000000-0000-0000-0000-000000000001',
     'a0000000-0000-0000-0000-000000000004',
     'approval', '承認', 'approval',
     'pending', 1, 5,
     '00000000-0000-0000-0000-000000000001',  -- admin
     NULL, NULL, NULL, NULL,
     '2025-12-18 10:30:00+09', '2025-12-18 10:30:00+09'),

    ('b0000000-0000-0000-0000-000000000002',
     '00000000-0000-0000-0000-000000000001',
     'a0000000-0000-0000-0000-000000000005',
     'approval', '承認', 'approval',
     'pending', 1, 6,
     '00000000-0000-0000-0000-000000000006',  -- 高橋
     NULL, NULL, NULL, NULL,
     '2025-12-22 09:15:00+09', '2025-12-22 09:15:00+09'),

    ('b0000000-0000-0000-0000-000000000003',
     '00000000-0000-0000-0000-000000000001',
     'a0000000-0000-0000-0000-000000000006',
     'approval', '承認', 'approval',
     'pending', 1, 7,
     '00000000-0000-0000-0000-000000000001',  -- admin
     NULL, NULL, NULL, NULL,
     '2026-01-06 13:30:00+09', '2026-01-06 13:30:00+09'),

    ('b0000000-0000-0000-0000-000000000004',
     '00000000-0000-0000-0000-000000000001',
     'a0000000-0000-0000-0000-000000000007',
     'approval', '承認', 'approval',
     'pending', 1, 8,
     '00000000-0000-0000-0000-000000000006',  -- 高橋
     NULL, NULL, NULL, NULL,
     '2026-01-08 11:20:00+09', '2026-01-08 11:20:00+09'),

    -- ── active ステップ（5件）──────────────────────────────────
    ('b0000000-0000-0000-0000-000000000005',
     '00000000-0000-0000-0000-000000000001',
     'a0000000-0000-0000-0000-000000000008',
     'approval', '承認', 'approval',
     'active', 1, 9,
     '00000000-0000-0000-0000-000000000001',  -- admin
     NULL, NULL,
     '2026-01-10 08:15:00+09', NULL,
     '2026-01-10 08:15:00+09', '2026-01-10 08:15:00+09'),

    ('b0000000-0000-0000-0000-000000000006',
     '00000000-0000-0000-0000-000000000001',
     'a0000000-0000-0000-0000-000000000009',
     'approval', '承認', 'approval',
     'active', 1, 10,
     '00000000-0000-0000-0000-000000000006',  -- 高橋
     NULL, NULL,
     '2026-01-14 10:30:00+09', NULL,
     '2026-01-14 10:30:00+09', '2026-01-14 10:30:00+09'),

    ('b0000000-0000-0000-0000-000000000007',
     '00000000-0000-0000-0000-000000000001',
     'a0000000-0000-0000-0000-00000000000a',
     'approval', '承認', 'approval',
     'active', 1, 11,
     '00000000-0000-0000-0000-000000000001',  -- admin
     NULL, NULL,
     '2026-01-15 14:20:00+09', NULL,
     '2026-01-15 14:20:00+09', '2026-01-15 14:20:00+09'),

    -- 2段階承認（a...0b）: 上長承認 completed → 経理承認 active
    ('b0000000-0000-0000-0000-000000000008',
     '00000000-0000-0000-0000-000000000001',
     'a0000000-0000-0000-0000-00000000000b',
     'manager_approval', '上長承認', 'approval',
     'completed', 2, 12,
     '00000000-0000-0000-0000-000000000006',  -- 高橋
     'approved', '出張の必要性を確認しました。承認します。',
     '2026-01-20 09:30:00+09', '2026-01-21 10:00:00+09',
     '2026-01-20 09:30:00+09', '2026-01-21 10:00:00+09'),

    ('b0000000-0000-0000-0000-000000000009',
     '00000000-0000-0000-0000-000000000001',
     'a0000000-0000-0000-0000-00000000000b',
     'finance_approval', '経理承認', 'approval',
     'active', 1, 13,
     '00000000-0000-0000-0000-000000000004',  -- 佐藤
     NULL, NULL,
     '2026-01-21 10:00:00+09', NULL,
     '2026-01-21 10:00:00+09', '2026-01-21 10:00:00+09'),

    ('b0000000-0000-0000-0000-00000000000a',
     '00000000-0000-0000-0000-000000000001',
     'a0000000-0000-0000-0000-00000000000c',
     'approval', '承認', 'approval',
     'active', 1, 14,
     '00000000-0000-0000-0000-000000000006',  -- 高橋
     NULL, NULL,
     '2026-01-22 11:15:00+09', NULL,
     '2026-01-22 11:15:00+09', '2026-01-22 11:15:00+09'),

    -- ── completed + approved ステップ（11件）──────────────────────────────────
    ('b0000000-0000-0000-0000-00000000000b',
     '00000000-0000-0000-0000-000000000001',
     'a0000000-0000-0000-0000-00000000000d',
     'approval', '承認', 'approval',
     'completed', 2, 15,
     '00000000-0000-0000-0000-000000000006',  -- 高橋
     'approved', '確認しました。承認します。',
     '2026-01-23 09:20:00+09', '2026-01-24 15:00:00+09',
     '2026-01-23 09:20:00+09', '2026-01-24 15:00:00+09'),

    ('b0000000-0000-0000-0000-00000000000c',
     '00000000-0000-0000-0000-000000000001',
     'a0000000-0000-0000-0000-00000000000e',
     'approval', '承認', 'approval',
     'completed', 2, 16,
     '00000000-0000-0000-0000-000000000001',  -- admin
     'approved', '承認します。',
     '2026-01-24 10:15:00+09', '2026-01-25 11:00:00+09',
     '2026-01-24 10:15:00+09', '2026-01-25 11:00:00+09'),

    ('b0000000-0000-0000-0000-00000000000d',
     '00000000-0000-0000-0000-000000000001',
     'a0000000-0000-0000-0000-00000000000f',
     'approval', '承認', 'approval',
     'completed', 2, 17,
     '00000000-0000-0000-0000-000000000006',  -- 高橋
     'approved', '良いリフレッシュを。承認します。',
     '2026-01-27 08:30:00+09', '2026-01-28 10:00:00+09',
     '2026-01-27 08:30:00+09', '2026-01-28 10:00:00+09'),

    ('b0000000-0000-0000-0000-00000000000e',
     '00000000-0000-0000-0000-000000000001',
     'a0000000-0000-0000-0000-000000000010',
     'approval', '承認', 'approval',
     'completed', 2, 18,
     '00000000-0000-0000-0000-000000000001',  -- admin
     'approved', '技術力向上に有益です。承認します。',
     '2026-01-28 13:20:00+09', '2026-01-29 16:00:00+09',
     '2026-01-28 13:20:00+09', '2026-01-29 16:00:00+09'),

    ('b0000000-0000-0000-0000-00000000000f',
     '00000000-0000-0000-0000-000000000001',
     'a0000000-0000-0000-0000-000000000011',
     'approval', '承認', 'approval',
     'completed', 2, 19,
     '00000000-0000-0000-0000-000000000006',  -- 高橋
     'approved', '内容を確認しました。承認します。',
     '2026-01-29 10:30:00+09', '2026-01-30 14:00:00+09',
     '2026-01-29 10:30:00+09', '2026-01-30 14:00:00+09'),

    ('b0000000-0000-0000-0000-000000000010',
     '00000000-0000-0000-0000-000000000001',
     'a0000000-0000-0000-0000-000000000012',
     'approval', '承認', 'approval',
     'completed', 2, 20,
     '00000000-0000-0000-0000-000000000001',  -- admin
     'approved', '承認します。',
     '2026-02-03 09:15:00+09', '2026-02-04 11:00:00+09',
     '2026-02-03 09:15:00+09', '2026-02-04 11:00:00+09'),

    ('b0000000-0000-0000-0000-000000000011',
     '00000000-0000-0000-0000-000000000001',
     'a0000000-0000-0000-0000-000000000013',
     'approval', '承認', 'approval',
     'completed', 2, 21,
     '00000000-0000-0000-0000-000000000006',  -- 高橋
     'approved', '承認します。',
     '2026-02-05 14:20:00+09', '2026-02-06 16:00:00+09',
     '2026-02-05 14:20:00+09', '2026-02-06 16:00:00+09'),

    -- 2段階承認（a...14）: 両ステップ完了
    ('b0000000-0000-0000-0000-000000000012',
     '00000000-0000-0000-0000-000000000001',
     'a0000000-0000-0000-0000-000000000014',
     'manager_approval', '上長承認', 'approval',
     'completed', 2, 22,
     '00000000-0000-0000-0000-000000000001',  -- admin
     'approved', '合宿企画、良いと思います。承認します。',
     '2026-02-07 10:30:00+09', '2026-02-08 14:00:00+09',
     '2026-02-07 10:30:00+09', '2026-02-08 14:00:00+09'),

    ('b0000000-0000-0000-0000-000000000013',
     '00000000-0000-0000-0000-000000000001',
     'a0000000-0000-0000-0000-000000000014',
     'finance_approval', '経理承認', 'approval',
     'completed', 2, 23,
     '00000000-0000-0000-0000-000000000004',  -- 佐藤
     'approved', '予算内です。承認します。',
     '2026-02-08 14:00:00+09', '2026-02-10 15:00:00+09',
     '2026-02-08 14:00:00+09', '2026-02-10 15:00:00+09'),

    ('b0000000-0000-0000-0000-000000000014',
     '00000000-0000-0000-0000-000000000001',
     'a0000000-0000-0000-0000-000000000015',
     'approval', '承認', 'approval',
     'completed', 2, 24,
     '00000000-0000-0000-0000-000000000001',  -- admin
     'approved', '承認します。',
     '2026-02-10 08:20:00+09', '2026-02-11 10:00:00+09',
     '2026-02-10 08:20:00+09', '2026-02-11 10:00:00+09'),

    -- ── completed + rejected ステップ（4件）──────────────────────────────────
    ('b0000000-0000-0000-0000-000000000015',
     '00000000-0000-0000-0000-000000000001',
     'a0000000-0000-0000-0000-000000000016',
     'approval', '承認', 'approval',
     'completed', 2, 25,
     '00000000-0000-0000-0000-000000000001',  -- admin
     'rejected', '高級チェアは予算外です。標準品での再申請をお願いします。',
     '2026-02-12 11:30:00+09', '2026-02-13 14:00:00+09',
     '2026-02-12 11:30:00+09', '2026-02-13 14:00:00+09'),

    ('b0000000-0000-0000-0000-000000000016',
     '00000000-0000-0000-0000-000000000001',
     'a0000000-0000-0000-0000-000000000017',
     'approval', '承認', 'approval',
     'completed', 2, 26,
     '00000000-0000-0000-0000-000000000006',  -- 高橋
     'rejected', '出張の緊急性が不明です。詳細を記載の上、再申請してください。',
     '2026-02-13 09:20:00+09', '2026-02-14 16:00:00+09',
     '2026-02-13 09:20:00+09', '2026-02-14 16:00:00+09'),

    ('b0000000-0000-0000-0000-000000000017',
     '00000000-0000-0000-0000-000000000001',
     'a0000000-0000-0000-0000-000000000018',
     'approval', '承認', 'approval',
     'completed', 2, 27,
     '00000000-0000-0000-0000-000000000001',  -- admin
     'rejected', '領収書が不足しています。添付の上、再申請をお願いします。',
     '2026-02-14 13:15:00+09', '2026-02-15 11:00:00+09',
     '2026-02-14 13:15:00+09', '2026-02-15 11:00:00+09'),

    -- 2段階承認（a...19）: 上長承認で却下
    ('b0000000-0000-0000-0000-000000000018',
     '00000000-0000-0000-0000-000000000001',
     'a0000000-0000-0000-0000-000000000019',
     'manager_approval', '上長承認', 'approval',
     'completed', 2, 28,
     '00000000-0000-0000-0000-000000000006',  -- 高橋
     'rejected', '海外出張は現時点では承認できません。国内カンファレンスで代替を検討してください。',
     '2026-02-17 10:30:00+09', '2026-02-18 09:00:00+09',
     '2026-02-17 10:30:00+09', '2026-02-18 09:00:00+09');

-- ============================================================
-- 4. ワークフローコメント追加（12件）
-- ============================================================
-- UUID v7 を使う設計だが、シードデータでは視認性を優先して固定パターンを使用

INSERT INTO workflow_comments (id, tenant_id, instance_id, posted_by, body, created_at, updated_at) VALUES
    -- 休暇申請（特別休暇）a...08 のコメント
    ('c0000000-0000-0000-0000-000000000001',
     '00000000-0000-0000-0000-000000000001',
     'a0000000-0000-0000-0000-000000000008',
     '00000000-0000-0000-0000-000000000004',  -- 佐藤（申請者）
     '慶弔休暇の規定に基づき、3日間の特別休暇を申請します。',
     '2026-01-10 08:20:00+09', '2026-01-10 08:20:00+09'),

    ('c0000000-0000-0000-0000-000000000002',
     '00000000-0000-0000-0000-000000000001',
     'a0000000-0000-0000-0000-000000000008',
     '00000000-0000-0000-0000-000000000001',  -- admin（承認者）
     '承認規定を確認中です。証明書類の提出をお願いします。',
     '2026-01-10 14:00:00+09', '2026-01-10 14:00:00+09'),

    -- 出張申請（海外カンファレンス・2段階）a...0b のコメント
    ('c0000000-0000-0000-0000-000000000003',
     '00000000-0000-0000-0000-000000000001',
     'a0000000-0000-0000-0000-00000000000b',
     '00000000-0000-0000-0000-000000000005',  -- 鈴木（申請者）
     '参加するセッションの一覧を添付しました。ご確認ください。',
     '2026-01-20 10:00:00+09', '2026-01-20 10:00:00+09'),

    ('c0000000-0000-0000-0000-000000000004',
     '00000000-0000-0000-0000-000000000001',
     'a0000000-0000-0000-0000-00000000000b',
     '00000000-0000-0000-0000-000000000006',  -- 高橋（上長承認者）
     'セッション内容を確認しました。上長承認完了です。',
     '2026-01-21 10:00:00+09', '2026-01-21 10:00:00+09'),

    -- 経費精算申請（出張費・大阪）a...0d のコメント
    ('c0000000-0000-0000-0000-000000000005',
     '00000000-0000-0000-0000-000000000001',
     'a0000000-0000-0000-0000-00000000000d',
     '00000000-0000-0000-0000-000000000003',  -- 田中（申請者）
     '前回の出張と合算での精算になります。領収書は添付済みです。',
     '2026-01-23 09:25:00+09', '2026-01-23 09:25:00+09'),

    ('c0000000-0000-0000-0000-000000000006',
     '00000000-0000-0000-0000-000000000001',
     'a0000000-0000-0000-0000-00000000000d',
     '00000000-0000-0000-0000-000000000006',  -- 高橋（承認者）
     '確認しました。問題ありません。',
     '2026-01-24 14:50:00+09', '2026-01-24 14:50:00+09'),

    -- 予算申請（部門合宿・2段階）a...14 のコメント
    ('c0000000-0000-0000-0000-000000000007',
     '00000000-0000-0000-0000-000000000001',
     'a0000000-0000-0000-0000-000000000014',
     '00000000-0000-0000-0000-000000000006',  -- 高橋（申請者）
     '合宿の詳細プランを添付しました。',
     '2026-02-07 11:00:00+09', '2026-02-07 11:00:00+09'),

    ('c0000000-0000-0000-0000-000000000008',
     '00000000-0000-0000-0000-000000000001',
     'a0000000-0000-0000-0000-000000000014',
     '00000000-0000-0000-0000-000000000001',  -- admin（上長承認者）
     '良い企画だと思います。経理確認をお願いします。',
     '2026-02-08 14:10:00+09', '2026-02-08 14:10:00+09'),

    ('c0000000-0000-0000-0000-000000000009',
     '00000000-0000-0000-0000-000000000001',
     'a0000000-0000-0000-0000-000000000014',
     '00000000-0000-0000-0000-000000000004',  -- 佐藤（経理承認者）
     '予算枠内であることを確認しました。',
     '2026-02-10 14:50:00+09', '2026-02-10 14:50:00+09'),

    -- 備品購入申請（高級チェア）a...16 のコメント
    ('c0000000-0000-0000-0000-00000000000a',
     '00000000-0000-0000-0000-000000000001',
     'a0000000-0000-0000-0000-000000000016',
     '00000000-0000-0000-0000-00000000000a',  -- 中村（申請者）
     'エルゴノミクス対応のチェアを希望します。',
     '2026-02-12 11:35:00+09', '2026-02-12 11:35:00+09'),

    ('c0000000-0000-0000-0000-00000000000b',
     '00000000-0000-0000-0000-000000000001',
     'a0000000-0000-0000-0000-000000000016',
     '00000000-0000-0000-0000-000000000001',  -- admin（承認者）
     '標準備品カタログから選定してください。カタログを共有します。',
     '2026-02-13 14:10:00+09', '2026-02-13 14:10:00+09'),

    -- 出張申請（シンガポール・2段階）a...19 のコメント
    ('c0000000-0000-0000-0000-00000000000c',
     '00000000-0000-0000-0000-000000000001',
     'a0000000-0000-0000-0000-000000000019',
     '00000000-0000-0000-0000-000000000005',  -- 鈴木（申請者）
     'AWS re:Invent Asia への参加を希望します。チームの技術力向上に直結します。',
     '2026-02-17 10:35:00+09', '2026-02-17 10:35:00+09');

-- ============================================================
-- 5. display_id_counters 更新
-- ============================================================

UPDATE display_id_counters
SET last_number = 10
WHERE tenant_id = '00000000-0000-0000-0000-000000000001'
  AND entity_type = 'user';

UPDATE display_id_counters
SET last_number = 30
WHERE tenant_id = '00000000-0000-0000-0000-000000000001'
  AND entity_type = 'workflow_instance';

UPDATE display_id_counters
SET last_number = 28
WHERE tenant_id = '00000000-0000-0000-0000-000000000001'
  AND entity_type = 'workflow_step';
